CGI,https://www.cgi.com
AIRGAS INC,http://www.airgas.com
COMMUNITY BANK,https://cbna.com
DST SYSTEMS,http://www.dstsystems.com
GARDEN RIDGE LP,https://www.athome.com/
RAYMOND JAMES,https://www.raymondjames.com
"UC - IRVINE, CA",https://uci.edu
THE PARADIES SHOPS,https://www.paradieslagardere.com
"SAVANNAH COLLEGE OF ART & DESIGN, GA",https://www.scad.edu
NSK LTD.,http://www.nsk.com
THE COCA COLA COMPANY,https://www.coca-colacompany.com
ACTIVISION BLIZZARD INC,https://www.activisionblizzard.com
ADP COORDINATION CENTER BVBA,https://www.adp.com/
SURESCRIPS,https://surescripts.com
RAND CORP,https://www.rand.org
"CORNELL WEILL MEDICAL COLLEGE, NY",https://weill.cornell.edu
TENNESSEE STATE BANK,https://www.tnstatebank.com
CO-OP SERVICES CREDIT UNION (INC),https://www.co-opfs.org
BANCORPSOUTH INC,https://www.bancorpsouth.com
GLOBAL PAYMENTS INC,https://www.globalpaymentsinc.com
SUNGARD DATA SYSTEMS INC.,https://www.sungardas.com
BAYVIEW ASSET MANAGEMENT LLC,https://www.bayviewassetmanagement.com
WESTERN FEDERAL CREDIT UNION,https://www.unifyfcu.com
CENTERLINE DIGITAL,http://www.centerline.net
"OCONOMOWOC BANCSHARES, INC.",https://www.fbfcwi.com/
TN ORTHOPAEDIC ALLIANCE,https://toa.com
"CITCO COMMUNITY BANCSHARES, INC.",https://www.citco.com/
CARHARTT INC,https://www.carhartt.com
CTC COMMUNICATIONS CORP,http://ctccomm.com/
"SALT LAKE COUNTY, UT",https://slco.org
JACK IN THE BOX INC,https://www.jackinthebox.com
US BANCORP,https://www.usbank.com
PHOENIX HOUSE FOUNDATION,https://www.phoenixhouse.org
REDCLAY 1910 LLC,
COLUMBUS BASEBALL TEAM INC,https://www.milb.com/columbus
BOARD OF CERTIFIED SAFETY,https://www.bcsp.org
"WAKE COUNTY SCHOOLS, NC",https://www.wcpss.net
CGI,https://www.cgi.com
USG RESTRICTED 21,https://www.crowell.com
DOD AIR FORCE - AIR FORCE WEATHER AGENCY,https://www.af.mil
AEP,https://www.aep.com
FIRST MEDICAL HEALTH PLAN INC,https://www.firstmedicalpr.com
TRUSTMARK NATIONAL BANK,https://www.trustmark.com
DOUGLAS COUNTY WA,http://www.douglascountywa.net
COLUMBIAN FINANCIAL GROUP,https://www.cfglife.com
STATE OF SOUTH CAROLINA,https://sc.gov
SAMARITANS PURSE,https://www.samaritanspurse.org
MURPHY OIL CORP,http://www.murphyoilcorp.com
UNITED HEALTHCARE SERVICES INC,https://www.uhc.com
VECTREN CORP,https://www.vectren.com
PENNSYLVANIA HIGHER EDUCATION ASSISTANCE,https://www.pheaa.org
B&W FUEL CO,https://www.babcock.com/
"AJINOMOTO CO.,INC.",https://www.ajinomoto.com
"WORKDAY, INC.",https://www.workday.com
ATLANTA BOARD OF EDUCATION,https://www.atlantapublicschools.us
CITY OF GREENACRES,https://greenacresfl.gov
TAX TECH INC,http://www.taxtechinc.com
CONTINUITY FOCUS,https://continuityfocus.com
FIREEYE,https://www.fireeye.com
INFLECTION.COM,https://www.inflection.com
THE CONSULTANTS CONSORTIUM INC,https://e-tcc.com
GENERAL CONFERENCE OF SEVENTH-DAY ADVENTISTS,https://www.adventist.org
CONSECO INC,http://www.conseco.com/
PETSMART INC,https://www.petsmart.com
EXPRESS SCRIPTS,https://www.express-scripts.com
DOLLAR TREE STORES INC,https://www.dollartree.com
OPERATING ENGINEERS LOCAL UNION NO. 3 SCHOLARSHIP FOUNDATION,https://www.oe3.org
HASTINGS MUTUAL INSURANCE CO,https://www.hastingsmutual.com
FLAGSHIP SOLUTIONS GROUP INC.,https://www.flagshipsg.com
"LEGEND PARENT, INC.",
SOUTHCREST FINANCIAL GROUP INC,https://www.southcrestbank.com
CHERYL M KORNICK,https://www.liskow.com
ADOBE SYSTEMS INC,https://www.adobe.com
CALIFORNIA CASUALTY MANAGEMENT CO,https://www.calcas.com
CITY OF CHICAGO,https://www.chicago.gov
DENTON COUNTY ELECTRIC COOPERATIVE INC,https://www.coserv.com
THE CHURCH OF JESUS CHRIST OF LATTER-DAY SAINTS,https://www.lds.org
NATIONWIDE INSURANCE,https://www.nationwide.com
NEW JERSEY NATURAL GAS CO,https://www.njng.com
RISK MANAGEMENT SOLUTIONS,http://www.rms.com
SALESFORCE. COM INC,https://www.salesforce.com
XILINX INC,https://www.xilinx.com
"VISA, INC.",https://usa.visa.com
THE TAYLOR GROUP INC,https://www.ttgcompanies.com
XEROX CORP,https://www.xerox.com
SLEEPYS INC,http://www.sleepys.com
T-SYSTEMS,https://www.t-systems.com
FOODSERVICE INC FULLERTO,https://www.vieleandsons.com/
STATE FARM AGENTS,https://www.statefarm.com
BANK OF AMERICA CORPORATION,https://www.bankofamerica.com
WYNDHAM WORLDWIDE CORP,https://www.wyndhamdestinations.com
TRAVELPORT,https://www.travelport.com
EXOSTAR CORPORATION,https://www.exostar.com
ALTAIR ENGINEERING INC.,https://www.altair.com
ASCENDUM SOLUTIONS LLC,https://ascendum.com
PROJETECH,https://www.projetech.com
HAZEL HAWKINS MEMORIAL HOSPITAL CA,http://www.hazelhawkins.com
"LANSING TRADE GROUP, LLC",https://ltg.com
"O-TEX PUMPING, LLC",https://cjenergy.com
"CRESTVIEW PARTNERS, L.P",https://www.crestview.com
"ESARESS INTERNATIONAL GROUP, INC",
"Chimerix, Inc.",http://www.chimerix.com
DESJARDINS GROUP (MOUVEMENT DES CAISSES DESJARDINS),https://www.desjardins.com
BCE INC,http://www.bce.ca
ATB FINANCIAL,https://www.atb.com
BC GOVERNMENT/MINISTRIES,https://www2.gov.bc.ca
AB GOVERNMENT/MINISTRIES,https://www.alberta.ca
FEDERAL JUDICIAL AFFAIRS,http://www.fja.gc.ca
NSERC CND,http://www.nserc-crsng.gc.ca
DHS - CUSTOMS AND BORDER PROTECTION (CBP) 02,https://www.cbp.gov
DHS - TRANSPORTATION SECURITY  ADMINISTRATION (TSA) 02,https://www.tsa.gov
CIV - NASA - JPSS,https://jointmission.gsfc.nasa.gov
CIV - HHS - CMS 02,https://www.hhs.gov
DOD - OFFICE OF SECY OF DEFENSE (OSD) 01,https://dod.defense.gov
DOD - MARINE CORPS - US MARINE CORPS 02,https://www.marines.mil/
DOD - AIR FORCE EAST 02,https://www.defense.gov
CIV - HHS - NIH - CIT - CENTER FOR INFORMATION TECHNOLOGY 02,https://www.nih.gov
CIV - NASA - JOHNSON 02,https://www.nasa.gov
ZIMMER INC,http://www.zimmerbiomet.com
BAXTER INTERNATIONAL INC,https://www.baxter.com
"CAROLINAS HEALTHCARE SYSTEM, NC",https://atriumhealth.org
DOLLAR GENERAL CORP,https://www.dollargeneral.com
DOLLAR BANK A FEDERAL       SAVINGS BANK,https://online.dollarbank.com
WESTAR ENERGY INC,https://www.westarenergy.com
DATAHOUSE HOLDINGS CORP,http://www.datahouse.com
CVS CAREMARK,https://www.caremark.com
OUR LADY OF THE LAKE HOSPITAL INC,https://ololrmc.com
KEY ENERGY SERVICES INC,https://www.keyenergy.com
LOCKHEED MARTIN CORPORATION,https://www.lockheedmartin.com
SIRIUS SATELLITE RADIO INC,https://www.siriusxm.com
SUMITOMO CORPORATION,https://www.sumitomocorp.com
MOBILE INFIRMARY ASSOCIATION,https://www.infirmaryhealth.org
WISCONSIN PHYSICIANS SERVICE INSURANCE CORP,https://wpshealth.com
TOTAL SYSTEMS SERVICES INC,https://www.tsys.com
VERIZON,https://www.verizonwireless.com
"STANFORD UNIVERSITY, CA",https://www.stanford.edu
ALLIANZ,https://www.allianzlife.com
FIDELITY NATIONAL FINANCIAL 4613,http://www.fnf.com
FISERV,https://www.fiserv.com
HEALTH CARE SERVICES CORP,https://www.hcsc.com
FAREWAY STORES INC.,https://www.fareway.com
GAMESTOP INC,https://www.gamestop.com
1901 GROUP,https://www.1901group.com
PAYMETRIC INC,https://www.paymetric.com
CREDIT KARMA INC,https://www.creditkarma.com
KERN SCHOOLS FEDERAL CREDIT UNION,https://ksfcu.org
TET - TRANSPORTATION - FAA NATIONAL 02,https://ast.faa.gov
CIV - GSA US GENERAL SERVICES ADMINISTRATION 01,https://www.gsa.gov
CIV - HHS - OTHER 02,https://www.justice.gov
TET - AGRICULTURE 02,https://mbio.asm.org
CIV - OPM - OFFICE OF PERSONNEL MANAGEMENT 02,https://www.opm.gov
TET - TRANSPORTATION - FAA DRA 02,https://www.faa.gov
TET - TREASURY - OTHER,https://www.pri.org
DOD - NAVY 02,https://dod.defense.gov
CIV - SSA,https://www.ssa.gov
CIV - DOE HQ 02,https://www.energy.gov
CIV - USPS,https://home.army.mil
CIV - EOP - EXECUTIVE OFFICE OF THE PRESIDENT AND OMB 01,https://obamawhitehouse.archives.gov
CIV - LIBRARY OF CONGRESS (LOC),https://www.loc.gov
DOD - DEFENSE AGENCIES - DEFENSE CONTRACT MANAGEMENT AGENCY (DCMA) 01,https://www.dcma.mil
MESIROW FINANCIAL CORP,https://www.mesirowfinancial.com
REVLON INC,https://www.revloninc.com
MASSACHUSETTS INSTITUTE OF TECHNOLOGY,http://www.mit.edu
THOMSON REUTERS CORP,https://www.thomsonreuters.com
MEDTRONIC,https://www.medtronic.com
RITE AID,https://www.riteaid.com
NEBRASKA EDUCATION SYSTEM,https://www.education.ne.gov
WAKA DIGITAL MEDIA CORP,https://www.wakadigital.com
UTAH LEGAL SERVICES INC,https://www.utahlegalservices.org
STATE OF ALASKA,http://alaska.gov
SUNDROP FUELS INC.,http://www.sundropfuels.com
CIV - VETERANS BEING RENAMED TO CIV - VA - HQ 02,
CIV - HHS - NIH - NCI - NATIONAL CANCER INSTITUTE 02,https://www.nih.gov
USG RESTRICTED 85,https://help.ubnt.com
FUNDTECH CORP,https://www.finastra.com/
B O K FINANCIAL CORP,https://www.bokfinancial.com
EMDEON CORP,https://www.webmd.com
ZUMIEZ INC.,https://www.zumiez.com
INTERNATIONAL BUSINESS MACHINE CORPORATION,https://www.ibm.com
CANADA CND GROUPING - BAHAMAS,https://travel.gc.ca
HIBBETT SPORTING GOODS INC,https://www.hibbett.com
CIT TECHNOLOGIES,https://www.cit-net.com
GAP INC,http://www.gapinc.com
EMTEC INC,https://www.emtecinc.com
NORTH SHORE HEALTH SYSTEM,https://www.northshore.org
SINCLAIR OIL CORP,https://www.sinclairoil.com
DUKE UNIVERSITY HEALTH SYSTEMS,https://www.dukehealth.org
UNIVERSITY OF SOUTHERN CALIFORNIA,https://www.usc.edu
BLUE CROSS BLUE SHIELD OF MASSACHUSETTES,https://home.bluecrossma.com
"WESTON, GEORGE LIMITED",http://www.weston.ca
SEARS HOLDINGS CORPORATION,https://searsholdings.com
BANQUE NATIONALE DU CANADA ASCOM,https://www.bnc.ca
IBM CANADA LIMITED,https://www.ibm.com
SO/STRATEGIC OUTSOURCING,
SO/IESO,http://www.ieso.ca
TET - INTERIOR - GEOLOGICAL SURVEY 02,https://deq.nc.gov
NSJ - US COURTS,http://www.fjc.gov
TET - TREASURY - FDIC,https://www.fdic.gov
TET - TREASURY - BUREAU OF PUBLIC DEBT 02,https://www.treasury.gov
TET - INTERIOR - TRIBES(PRIMARY DIRECT COV),https://www.doi.gov
HOUCHENS INDUSTRIES INC,https://www.houchensindustries.com
STATE OF CALIFORNIA,https://www.ca.gov
MAXIMUS INC,https://www.maximus.com
CATHOLIC HEALTH INITIATIVES INC,https://www.catholichealthinitiatives.org
US FEDERAL RESERVE BOARD,https://www.federalreserve.gov
CLARKE AMERICAN CHECKS INC,https://www.clarkeamerican.com
MCJUNKIN CORP,https://www.mrcglobal.com
ENTERGY CORPORATION,https://www.entergy.com
STATE OF FLORIDA,https://www.myflorida.com
THE METHODIST HOSPITAL,https://www.houstonmethodist.org
VERISK ANALYTICS,https://www.verisk.com
DAVITA INC,https://www.davita.com
UNIVERSITY OF FLORIDA,http://www.ufl.edu
CISCO SYSTEMS INC,https://www.cisco.com
UPMC HEALTH SYSTEMS INC,https://www.upmchealthplan.com
RED HAT SOFTWARE INC,https://www.redhat.com
THE CHILDRENS PLACE RETAIL STORES INC,https://www.childrensplace.com
COMMONWEALTH OF VIRGINIA,https://www.virginia.gov
WEIGHT WATCHERS OF THE MIDSOUTH INC,https://www.weightwatchers.com
THE PENNSYLVANIA STATE UNIVERSITY,https://www.psu.edu
FRONTIER COMMUNICATIONS CORP,https://frontier.com
TELEFONICA,https://www.telefonica.com
HEWLETT PACKARD,http://www8.hp.com
ALLSTATE INSURANCE COMPANY,https://www.allstate.com
FHC HEALTH SYS,http://www.fhchealthsystems.com
DILLARDS INC,https://www.dillards.com
CONCHO RESOURCES INC.,https://www.concho.com
DIGNITY HEALTH,https://www.dignityhealth.org
UNIVERSITY OF ILLINOIS,https://illinois.edu
CSU - EAST BAY,http://www.csueastbay.edu
TWITTER INC,https://about.twitter.com
TET - PBGC - PENSIONS,https://www.pbgc.gov
MEDICAL LIABILITY MUTUAL INSURANCE CO,https://www.mlmic.com
GOV OF CANADA: CPP INVESTMENT BOARD,http://www.cppib.com
OMERS,https://www.omers.com
SO/IBM CANADA LTD,https://www.ibm.com
SO/DESJARDINS,https://www.servicenow.com
SO/GREATER TORONTO AIRPORT,https://www.torontopearson.com
TET - LABOR 02,https://www.c-span.org
DOD - ARMY - FORT KNOX 02,https://www.knox.army.mil
CIV - DOD SUPERCOMPUTING LABS - MRSC - NAVY LABS 02,https://www.nrl.navy.mil
DOD - ARMY DISTRIBUTED COMMON GROUND SYSTEM (DCGS),https://www.raytheon.com
AEROSPACE,https://aerospace.org
MOTOROLA,https://www.motorola.com
COSTCO WHOLESALE CORPORATION,https://www.costco.com
EAT N PARK,https://www.eatnpark.com
STATE OF TEXAS - CPA,http://www.tsbpa.state.tx.us
HOMEAWAY INC.,https://www.homeaway.com
CITY OF FERGUS FALLS,https://www.ci.fergus-falls.mn.us
FIRST TECHNOLOGY FEDERAL,https://www.firsttechfed.com
"TRUSTED INTEGRATION, INC.",http://www.trustedintegration.com
ON GOVERNMENT,
WELLS FARGO / WACHOVIA / AGE,https://www.wellsfargo.com
OHIO FARMERS/WESTFIELD INSURANCE CO,https://www.westfieldinsurance.com
FPL GROUP INC,https://www.fpl.com
TEACHERS INSURANCE AND ANNUITY ASSOCIATION OF AMERICA,https://www.tiaa.org
CITIZENS BANK N A,https://www.citizensbank.com
BANK OF NOVA SCOTIA,https://www.scotiabank.com
HEALTH & WELFARE CANADA,https://www.canada.ca
SHARED SERVICES CLUSTER - CDN FED,https://nfc.usda.gov
SO/IBM GLOBAL SERVICES C/O SMI,https://www-03.ibm.com
SO/THE BANK OF NOVA SCOTIA,https://www.scotiabank.com
FITNESS CLUB OF AMERICA,
GENERAL DYNAMICS CORP,https://www.gd.com
INNOVAPOST,https://innovapost.com
SO/MANULIFE GOUGH ROAD,https://www.yellowpages.ca
SO/CO-OPERATORS,https://www.cooperators.ca
TET - TREASURY - SECURITY AND EXCHANGE COMMISSION (SEC),https://www.sec.gov
CIV - COMMERCE NATIONAL TELECOMMUNICATIONS AGENCY (NTIA) 02,https://www.ntia.doc.gov
DOD - DEFENSE AGENCIES - DEFENSE INFORMATION SYSTEMS AGENCY (DISA),
BLUE CROSS & BLUE SHIELD OF SOUTH CAROLINA,https://www.bluecrossnc.com
BROWN SHOE CO INC,https://caleres.com
INTEL CORP,https://www.intel.com
CHRISTUS HEALTH CORPORATE OFFICES,http://www.christushealth.org
KRONOS INC,https://www.kronos.com
INDEPENDENT HEALTH ASSOCIATION INC,https://www.independenthealth.com
CAREFIRST / BLUE CROSS BLUE SHIELD,https://www.carefirst.com
ASSURANT INC,https://www.assurant.com
PNC BANK (MIDLANTIC),https://www.nytimes.com
MARSH & MCLENNAN,https://www.marsh.com
VISITING NURSE SERVICE OF NEW YORK,https://www.vnsny.org
FLEETCOR TECHNOLOGIES INC,https://www.fleetcor.com
GOLDEN GATE BRIDGE HIGHWAY & TRANSPORTATION DISTRICT,http://goldengate.org
"CONNECTONE BANCORP, INC.",https://www.connectonebank.com
SO/ISM MANITOBA,https://www.indonesiamanitoba.ca
SO/IGS/SUN LIFE/CLARICA,https://www.sunlife.com
SO/GOVT OF ALBERTA-MAHS,https://www.alberta.ca
DHS - MANAGERMENT 02,https://www.dhs.gov
AES CORP,http://aes.com
STAPLES INC,https://www.staples.com
THE UNIVERSITY OF WISCON,https://www.wisc.edu
NATIONAL AUSTRALIA BANK,https://www.nab.com.au
DEERE,https://www.deere.com
CENTRAL PURCHASING,http://cpodoc.org
WARREN AVERETT COMPANIES,https://warrenaverett.com
"SOCIAL & SCIENTIFIC SYSTEMS, INC.",https://www.merriam-webster.com
CITY HOLDING COMPANY,https://www.bankatcity.com
ROYAL BANK OF CANADA,http://www.rbcroyalbank.com
WESTJET AIRLINES,https://www.westjet.com
SO/ISM INFORMATION SYSTEMS,https://www.ismcanada.com
CIV - NASA - JET PROPULSION LAB (JPL) 02,https://opslab.jpl.nasa.gov
TET - TRANSPORTATION - FAA 02,https://www.faa.gov
APRIA HEALTHCARE GROUP INC,https://www.apria.com
ST JUDE CHILDRENS RESEARCH HOSPITAL,https://www.stjude.org
HIGHMARK INC,http://www.highmark.com
BLUECROSS BLUESHIELD OF TENNESSEE INC,https://www.bcbst.com
"CITY OF SAN ANTONIO, TX",https://www.sanantonio.gov
THE WALT DISNEY COMPANY,https://www.thewaltdisneycompany.com
THE CATO CORP,https://www.catofashions.com
CAPITAL REGION HEALTH CA,https://www.umms.org
4C TECHNOLOGIES INC,https://www.cccctech.com
KAISER FOUNDATION HOSPITALS,https://healthy.kaiserpermanente.org
COMPUTER SCIENCES CORP,https://www.dxc.technology
HARLEY DAVIDSON,https://www.harley-davidson.com
IRON MOUNTAIN INC,https://www.ironmountain.com
SCHOOLSFIRST FEDERAL CREDIT UNION,https://www.schoolsfirstfcu.org
HEALTHPLAN SERVICES INC,https://www.healthplan.com
BON SECOURS HEALTH SYSTEM INC,https://bonsecours.com
TRIBUNE MEDIA SERVICES,http://www.tribunemedia.com
"UC - DAVIS, CA",https://www.ucdavis.edu
MORGAN STANLEY & CO INC,https://www.morganstanley.com
SIRIUS COMPUTER SOLUTIONS INC,https://www.siriuscom.com
HCA INC.,https://hcahealthcare.com
ACI WORLDWIDE INC,https://www.aciworldwide.com
DELOITTE & TOUCHE USA LLP,https://www2.deloitte.com
UNITED SERVICES AUTOMOBILE ASSOCIATION,https://www.usaa.com
YALE UNIVERSITY,https://www.yale.edu
"UC - BERKELEY, CA",https://www.berkeley.edu
"UC - SAN FRANCISCO, CA",https://www.ucsf.edu
HEALTH & HOSPITAL CORP,https://www.health.com
MERCANTIL C.A. BANCO UNIVERSAL,https://www.mercantilbanco.com
THE CHUBB CORPORATION,https://www.chubb.com
AMERICA MOVIL,https://www.americamovil.com
JONES LANG LASALLE,https://www.us.jll.com
ATOS,https://atos.net
GRUPO SANTANDER,http://www.santander.com
SUNTRUST BANKS INC,https://www.suntrust.com
CONTINENTAL CASUALTY COMPANY,https://www.cna.com
THE DETROIT EDISON CO,https://www.dteenergy.com
JOINT INDUSTRY BOARD,https://www.jibei.org
"CADENCE DESIGN SYSTEMS, INC",https://www.cadence.com
GEP ADMINISTRATIVE SERVICES,https://www.ep.com
WPX ENERGY,https://www.wpxenergy.com
SAN DIEGO ASSOC OF          GOVERNMENTS,https://www.sandag.org
"UC - SANTA CRUZ, CA",https://www.ucsc.edu
"TRUEBLUE, INC",https://www.trueblue.com
SOUTH STATE BANK,https://www.southstatebank.com
AGS FSI,http://fsi-charite.de
REFLEXIS SYSTEMS,https://www.reflexisinc.com
WAVESTRONG,https://wavestrong.com
ON DECK CAPITAL,https://www.ondeck.com
EVERTEC GROUP LLC,https://www.evertecinc.com
IDEAL INNOVATIONS INCORPORATED,https://www.idealinnovations.com
INTEL CORPORATION,https://www.intel.com
FOLIO DYNAMIX,http://www.foliodynamix.com
ULTA 3,https://www.ulta.com
CASINO NIAGARA,https://casinoniagara.com
WINDSOR UTILITIES,https://www.windsorgov.com
ON HEALTH,https://www.onhealth.com
NTL RESEARCH COUNCIL CND,https://www.ntl.org
PRINCE ALBERT SEPARATE SCHOOL,http://cec.pacsd6.sk.ca
PCS NITROGEN TRINIDAD LIMITED,https://www.nutrien.com
CIV - HHS - NIH - OTHER 02,https://grants.nih.gov
AMERICAN GREETINGS,https://www.americangreetings.com
MAGELLAN HEALTH SERVICES INC,https://www.magellanhealth.com
ARVEST BANK OPERATIONS INC,https://www.arvest.com
MASTERCARD,https://www.mastercard.us
THE KNOLL GROUP INC,https://www.knoll.com
COMERICA INC,https://www.comerica.com
CIGNA,https://www.cigna.com
MICHAELS STORES INC,https://www.michaels.com
HOME DEPOT,https://www.homedepot.com
INTERCONTINENTAL HOTELS GROUP,https://www.ihg.com
MAYO CLINIC,https://www.mayoclinic.org
KROGER,https://www.kroger.com
WHIRLPOOL,https://www.whirlpool.com
VALMONT INDUSTRIES INC,http://www.valmont.com
UNITED PARCEL SERVICE,https://www.ups.com
THE TRAVELERS INDEMNITY CO,https://www.travelers.com
EMBLEMHEALTH SERVICES CO LLC,https://www.emblemhealth.com
ELECTRIC POWER BOARD OF CHATTANOOGA,https://epb.com
COSTAR GROUP,http://www.costar.com
CRESTONE INTERNATIONAL,
INDEPENDENT PURCHASING COOPERATIVE,https://www.ipcoop.com
CIV - COMMERCE - NOAA 02,https://www.ago.noaa.gov
DOD - MISSILE DEFENSE AGENCY (MDA) 01,https://www.mda.mil
INFOR GLOBAL SOLUTIONS,https://www.infor.com
CALIFORNIA KOREA BANK,https://www.yelp.com
NEW HANOVER REGIONAL MEDICAL CENTER,https://www.nhrmc.org
SIEMENS,https://new.siemens.com
"LCS HOLDINGS, INC.",https://www.lcsnet.com
CORPORATION PROFESSIONNE,https://www.corporationcentre.ca
BEHAVIORAL HEALTH GROUP,https://bhgrecovery.com
STATE OF ILLINOIS,https://www2.illinois.gov
SPARTAN STORES,https://www.spartannash.com
FIDELITY INFORMATION SERVICES LLC,https://www.fisglobal.com
J2 GLOBAL COMMUNICATIONS,https://www.j2global.com
JONES-ONSLOW ELECTRIC MEMBERSHIP CORPORATION,https://www.joemc.com
COGECO INC,http://corpo.cogeco.com
LA-Z-BOY INC,https://www.la-z-boy.com
SCOTTS MIRACLE GROW,https://scottsmiraclegro.com
"CITY AND BOROUGH OF JUNEAU, AK",https://beta.juneau.org
KRAUSE GENTLE,https://cstoredecisions.com
"CSU - DOMINGUEZ HILLS, CA",https://www.csudh.edu
STATE EMPLOYEES FEDERAL,https://www.ncsecu.org
ELLIS-DON CONSTRUCTION,http://www.ellisdon.com
PCS PHOSPHATE CO INC,https://www.gma-nc.com
REPUBLIC BANK LIMITED,https://www.republictt.com
TET - TREASURY - IRS 02,https://www.irs.gov
AAA - AUTO CLUB,https://autoclubsouth.aaa.com
ADVANCED LIGHTING TECHNOLOGIES INC,https://www2.adlt.com
BOSSELMAN ENERGY INC,https://www.bosselmanenergy.com
FIFTH THIRD BANCORP,https://www.53.com
AVAILITY,https://www.availity.com
PRINCIPAL FINANCIAL GROUP INC,https://www.principal.com
FAIRFAX COUNTY,https://www.fairfaxcounty.gov
AVON PRODUCTS,https://www.avon.com
ODS HEALTH PLAN INC,https://www.modahealth.com
STATE OF MICHIGAN,https://www.michigan.gov
"LOS ANGELES COUNTY, CA",https://www.lacounty.gov
LENOVO US INC,https://www.lenovo.com
COMMONWEALTH OF MASSACHUSETTS,https://www.mass.gov
MEDIMPACT HEALTHCARE INC,https://www.medimpact.com
"SAN MATEO COUNTY, CA",https://www.smcgov.org
AT & T,https://www.att.com
"JUST BORN, INC.",https://www.justborn.com
ASICS,https://www.asics.com
WAWANESA LIFE INSURANCE,https://www.wawanesalife.com
CIV - NASA - GODDARD 02,https://scicolloq.gsfc.nasa.gov
"LEXINGTON-FAYETTE URBAN COUNTY GOVERNMENT, KY",https://www.lexingtonky.gov
TRION WORLDS,https://www.trionworlds.com
GOV OF QUEBEC: HYDRO QUEBEC,http://www.hydroquebec.com
EDP INDUSTRIES,http://edpllc-usa.com
SO/ADVANTIS CANADA,http://www.advantiscomm.com
THE BANK OF NEW YORK MELLON  CORP,https://www.bnymellon.com
PROGRESSIVE CASUALTY INSURANCE COMPANY,https://www.progressive.com
MARRIOTT INTERNATIONAL INC,https://www.marriott.com
"PYRAMID LAKE HS, NV",https://www.pyramidlakeschools.com
IBM CANADA LTD,https://www.ibm.com
ENTERTAINMENT ONE,https://www.entertainmentone.com
SO/ENCANA CORPORATION,https://www.encana.com
STATE OF NEW HAMPSHIRE,https://www.nh.gov
TRI-WEST LTD,https://www.triwestltd.com
TORONTO-DOMINION BANK,https://www.td.com
DAVIS + HENDERSON INCOME FUND,https://www.finastra.com
"FARMLAND RESERVE, INC",
CELESTICA,https://www.celestica.com
SO/AEROPLAN-DISTRIBUTED,https://www.aeroplan.com
WAL-MART STORES INC,https://corporate.walmart.com
MEDNETWORX,https://www.mednetworx.com
SONEPAR GROUP,https://www.sonepar.com
PRECISION DRILLING CORPORATION,https://www.precisiondrilling.com
ENMAX CORPORATION,https://www.enmax.com
AVNET INC,https://www.avnet.com
AUTO-OWNERS INSURANCE,https://www.auto-owners.com
THE DEPOSITORY TRUST AND CLEARING CORP,http://www.dtcc.com
AMTRAK,https://www.amtrak.com
FIRST BANCORP,https://localfirstbank.com
BRIARCLIFF SCHOOL,https://www.wcpss.net
DELUXE CORPORATION,https://www.deluxe.com
COLGATE-PALMOLIVE CO,https://www.colgatepalmolive.com
MODERN WOODMEN OF AMERICA,https://www.modernwoodmen.org
NETPARTNERS INTERNET SOLUTIONS INC,https://corporate.findlaw.com
FIDELITY INVESTMENTS 2729,https://institutional.fidelity.com
GENERAL MOTORS CORP,https://www.gm.com
CITCO TECHNOLOGY MANAGEMENT,https://www.citco.com
UNIFIRST CORP,https://unifirst.com
"UC - LOS ANGELES, CA",http://www.ucla.edu
ROYAL CARIBBEAN CRUISES LTD,http://www.rclcorporate.com
ERIE 1 BOCES,https://www.e1b.org
CORRECTIONAL HEALTH SERVICES,https://www.ncchc.org/
SCHNEIDER NATIONAL INC,https://schneider.com
UNIGROUP INC,https://www.unigroupinc.com
USABLE MUTUAL INSURANCE COMPANY,https://www.usablemutual.com
CLEARWATER PAPER CORP,http://www.clearwaterpaper.com
CSX CORP,https://www.csx.com
WOLTERS KLUWER,https://wolterskluwer.com
CHOICE HOTELS INTERNATIONAL,https://www.choicehotels.com
GBG-MIZUHO FINANCIAL GROUP,https://www.mizuho-fg.com
BERKSHIRE HATHAWAY - BEN BRIDGE JEWELERS,https://www.benbridge.com
AMERICAN COLLEGE OF CARDIOLOGY FOUNDATION,https://www.acc.org
"TOTAL CARD, INC.",https://www.tcisolutions.com
WASHINGTON METROPOLITAN AREA TRANSIT AUTHORITY,https://www.wmata.com
ORVIS CO INC,https://www.orvis.com
THE LAYTON COMPANIES INC,http://www.laytoncompanies.com
AGROPUR,https://www.agropur.com
IKO INDUSTRIES LTD,https://www.iko.com
QUEBEC HEALTH,https://educaloi.qc.ca
A LA CARTE IT,https://redalert.ca
3M CO,https://www.3m.com
OFFICE DEPOT INC,https://www.officedepot.com
THE MENS WEARHOUSE INC,https://www.menswearhouse.com
AEROPOSTALE INC,https://www.aeropostale.com
OKLAHOMA STATE UNIVERSITY,https://go.okstate.edu
BANCO BRADESCO S/A,https://banco.bradesco
NYC DEPT OF FINANCE,http://www.nyc.gov
"JPMORGAN CHASE BANK, N.A.",https://www.chase.com
THE VITAMIN SHOPPE,https://www.vitaminshoppe.com
"MOSS & ASSOCIATES, LLC",https://mosscm.com
ON K-12 EDUCATION,https://www.k12.com
AMERICAN WATER WORKS COMPANY INC,https://amwater.com
UNITRIN,https://www.kemper.com
COACH INC,https://www.coach.com
GATX CORP,http://www.gatx.com
ZIONS BANCORPORATION,http://www.zionsbancorp.com
PATRICK HENRY COMMUNITY,http://www.ph.vccs.edu
AEGON NEDERLAND N.V.,https://www.aegon.com
"VANCOUVER CLINICAL SERVICES, P.C.",
"ARIES GLOBAL LOGISTICS, INC.",http://www.ariesgl.com
MEMORIAL HEALTH SYSTEM,https://www.mhs.net
KOHLS DEPARTMENT STORES INC,https://corporate.kohls.com
SECURIAN FINANCIAL GROUP,https://www.securian.com
STEIN MART INC,https://www.steinmart.com
MYLAN LABORATORIES INC,https://www.mylan.com
SAINT LUKES HEALTH SYSTEM,https://www.saintlukeskc.org
VIRGINIA TECH UNIVERSITY,https://vt.edu
HONDA MOTOR,https://www.honda.com
YELM COMMUNITY SCHOOLS,https://www.ycs.wednet.edu
UNIVERSITY OF MARYLAND - COLLEGE PARK,https://www.umd.edu
BG-MITSUBISHI UFJ FIN. GROUP,https://www.mufg.jp
BANK OF IDAHO,https://www.bankofidaho.com
KIRBY RURAL HEALTH CENTER,https://www.kirbyhealth.org
ASHLAND INC,https://www.ashland.com
UNIFIED SCHOOL DISTRICT 457,https://www.gckschools.com
SPIRIT AIRLINES INC.,https://www.spirit.com
UPSHER-SMITH LABORATORIES INC.,https://www.upsher-smith.com
"ARVIG ENTERPRISES, INC.",https://www.arvig.com
THE GREENSPUN CORPORATION,https://gmgvegas.com
CORNERSTONE HOLDING COMPANY INC,https://cstoneholdings.com
GOVERNMENT OF BARBADOS,https://www.gov.bb
LOGISTEC CORPORATION,https://www.logistec.com
QUEBEC EDUCATION,http://www.education.gouv.qc.ca
BI-LO INC,https://www.bi-lo.com
STATE OF HAWAII,https://portal.ehawaii.gov
"CITY OF KIRKWOOD, MO",http://www.kirkwoodmo.org
FEDEX CORP,https://about.van.fedex.com
STATE OF NEW JERSEY,https://nj.gov
BCBSM INC,https://bcbsm.com
SIMMONS COLLEGE,http://www.simmons.edu
TRU VALUE,https://www.truevalue.com
PACIFIC COAST PRODUCERS,https://pacificcoastproducers.com
AMERICAN EAGLE OUTFITTERS INC,https://www.ae.com
CSU - FULLERTON,http://www.fullerton.edu
PRINCETON UNIVERSITY,https://www.princeton.edu
PRUDENTIAL,https://www.prudential.com
VANTIV LLC,https://www.vantiv.com
"MIAMI-DADE COUNTY, FL",https://miamidade.gov
OCEAN VIEW SCHOOL DISTRICT,https://www.ovsd.org
CIV - GAO - GOVERNMENT ACCOUNTABILITY OFFICE 01,https://www.gao.gov
SAINT ALEXIUS MEDICAL CENTER,https://www.amitahealth.org
AB K-12 EDUCATION,https://www.alberta.ca
MEMORIAL HERMANN HOSPITAL SYSTEM,http://www.memorialhermann.org
TELEPHONE & DATA SYSTEMS INC/US CELLULAR,https://www.tdsinc.com
MAGELLAN MIDSTREAM PARTNERS,https://www.magellanlp.com
BURST MEDIA CORPORATION,
GOV OF CANADA: CANADA REVENUE AGENCY,https://www.canada.ca
BANK OF MONTREAL,https://www.bmo.com
CIV - COMMERCE - CENSUS 02,https://www.census.gov
MIDAMERICAN ENERGY HOLDINGS CO,https://www.midamericanenergy.com
ABERCROMBIE & FITCH CO INC,https://www.abercrombie.com
BLUE CROSS & BLUE SHIELD ASSOCIATION,https://www.bluecrossnc.com
"CSU - SAN LUIS OBISPO, CA",https://www.calpoly.edu
VHA INC,https://www.vizientinc.com
CAL POLY CORP,https://www.calpolycorporation.org
DODGE & COX,https://www.dodge.com
"AMHERST HOLDINGS, LLC",https://www.amherst.com
REGION OF WATERLOO,https://www.regionofwaterloo.ca
T4G LIMITED,https://www.t4g.com
DOD - ARMY - ABERDEEN PROVING GROUND 02,https://home.army.mil
BEVERAGES AND MORE INC,https://www.bevmo.com
EXCELLUS HEALTH PLAN INC,https://www.excellusbcbs.com
DFS SERVICES,https://www.discover.com
THE BOEING CO,https://www.boeing.com
CC SERVICES,https://www.countryfinancial.com
D & H DISTRIBUTING CO,https://www.dandh.com
NORTH BROWARD HOSPITAL DISTRICT,https://www.browardhealth.org
PHYSICIANS MUTUAL INSURANCE CO,https://www.physiciansmutual.com
AUSTIN POWDER CO,https://www.austinpowder.com
24 HOUR FITNESS USA INC,https://www.24hourfitness.com
SOUTHERN CALIFORNIA EDISON CO,http://www.sce.com
BURLINGTON COAT FACTORY,https://www.burlington.com
THE BON-TON DEPARTMENT STORES INC,https://www.bonton.com
AMERICAN POSTAL WORKERS UNION ALF-CIO HEALTH,https://www.apwu.org
FIRST DATA CORP,https://www.firstdata.com
TARRANT COUNTY,http://www.tarrantcounty.com
ORACLE CORP,https://www.oracle.com
THE NORTHWESTERN MUTUAL LIFE INSURANCE COMPANY,https://www.northwesternmutual.com
"UNC HOSPITALS, NC",https://www.unchealthcare.org
PEPSICO FOOD SERVICES,https://www.pepsico.com
DELL INTERNATIONAL,https://www.dell.com
BRIDGESTONE CORPORATION,https://www.bridgestone.com
UBS,https://www.ubs.com
MAKRO CASH & CARRY BELGIUM NV,https://www.makro.co.uk
MASS MUTUAL,https://www.massmutual.com
UNIVERSITY OF PENNSYLVANIA,https://www.upenn.edu
WESTERN UNION FINANCIAL SERVICES GMBH,https://www.westernunion.com
PENTAGON FEDERAL CREDIT UNION,https://www.penfed.org
TIME WARNER INC,https://www.warnermediagroup.com
EBRO FOODS SA,https://www.ebrofoods.es
NYS OFT STATE CAPITAL,https://ogs.ny.gov
NEXEO SOLUTIONS HOLDINGS,https://www.nexeosolutions.com
"UC - SAN DIEGO, CA",https://ucsd.edu
BEST BUY,https://www.bestbuy.com
CIRCUIT COMPONENTS INC,http://www.cci-msc.com
NCR CORP,https://www.ncr.com
COLLEGE OF WILLIAM AND MARY,https://www.wm.edu
SMBC,https://www.smbc.co.jp
"NYC DOITT, NY",http://www.nyc.gov
SOUTH CENTRAL CONNECTICUT REGIONAL WATER AUTHORITY,https://www.rwater.com
CIV - DOE - SANDIA NATIONAL LAB 02,https://www.energy.gov
TREND MICRO INC,https://www.trendmicro.com
NATIONAL FUTURES ASSOCIATION,https://www.nfa.futures.org
STATE OF OHIO,https://ohio.gov
HARRIS CORP,https://www.harris.com
TENNECO,https://www.tenneco.com
UNIVERSITY OF MINNESOTA,https://twin-cities.umn.edu
VW AG,https://www.volkswagenag.com
BJS RESTAURANT,https://www.bjsrestaurants.com
BURLINGTON COMMUNITY SCHOOL DISTRICT,https://www.bcsds.org
"GENESEE COMMUNITY COLLEGE, NY",https://www.genesee.edu
MANAGED DATA HOLDINGS,http://www.datasolutionworks.com
MID-WEST WHOLESALE LIGHTING CORPORATION,http://www.midwestlighting.com
MTS HEALTH INVESTORS LLC,https://www.mtspartners.com
"INFOMEDIA GROUP, INC.",https://carenethealthcare.com
"CAREY INTERNATIONAL, INC.",https://www.carey.com
I. H. MISSISSIPPI VALLEY CREDIT UNION,https://www.ihmvcu.org
PRINCE GEORGES COMMUNITY FEDERAL CREDIT UNION,https://www.princegeorgescfcu.org
CIV - DOE - OTHER LABS 02,https://ssti.org
TENET HEALTH CARE CORP,https://www.tenethealth.com
INTERVAL INTERNATIONAL INC,https://www.intervalworld.com
"H. LEE MOFFITT CANCER CENTER & RESEARCH INSTITUTE, FL",https://moffitt.org
"CSU - SAN JOSE, CA",https://www2.calstate.edu
EATON VANCE CORP,https://www.eatonvance.com
"SAN JOAQUIN COUNTY OFFICE OF EDUCATION, CA",https://www.sjcoe.org
"HAVILAND UNIFIED SCHOOL DISTRICT 474, KS",https://www.usd474.org
ALIGN COMMUNICATIONS INC.,https://www.align.com
THE FIRST MARBLEHEAD CORPORATION,https://cognitionfinancial.com
BRIAN KATYL,
"FINELITE, INC.",http://www.finelite.com
SEWELL AUTOMOTIVE COMPANIES,https://www.sewell.com
"INFORMA SUPPORT SERVICES, INC.",https://informa.com
"ARLINGTON MOTOR COMPANY, INC.",https://www.arlingtonmotorsva.com
MARIN CANCER CARE,http://www.marincancercare.com
OLYMEL S.E.C,http://www.olymel.ca
CANADA GUARANTY MORTGAGE INSURANCE COMPANY,https://www.canadaguaranty.ca
KOCH INDUSTRIES INC,https://www.kochind.com
MASCO CORP,http://masco.com
GENUINE PARTS CO,https://www.genpt.com
SYKES ENTERPRISES INC,https://www.sykes.com
"DAIICHI SANKYO CO.,LTD",https://www.daiichisankyo.com
AMERICAN AIRLINES INC,https://www.aa.com
AEGIS INSURANCE SERVICES INC,https://www.aegislink.com
UNIVERSITY OF MICHIGAN ANN ARBOR,https://umich.edu
MODCLOTH,https://www.modcloth.com
"ARSALON TECHNOLOGIES, LLC",https://www.databank.com
FINE TONE RECORDING LLC,http://www.finetonerecording.com
FACTSET DATA SYSTEMS INC,https://www.factset.com
"FREMONT UNION HS DISTRICT, CA",https://www.fuhsd.org
WAGEWORKS INC,https://www.wageworks.com
HORACE MANN EDUCATORS CORP,https://www.horacemann.com
WOMBLE CARLYLE SANDRIDGE AND RIC,https://www.womblebonddickinson.com
TEKNOR APEX CO,https://www.teknorapex.com
LOWNDES COUNTY SCHOOLS GA,https://www.lowndes.k12.ga.us
VAIL SYSTEMS,https://www.vailsys.com
GREATER LAFOURCHE PORT COMMISSION,http://portfourchon.com
DIRECTCASH MANAGEMENT INC,https://www.directcashatm.net
MCKEVITT TRUCKING LTD,https://mckevitt-trucking.com
BLACKROCK INC,https://www.blackrock.com
CITY OF INDEPENDENCE,https://www.ci.independence.mo.us
LIFE CARE AFFILIATES,https://lcca.com
STATE OF MISSOURI,https://www.mo.gov
THE PRESIDENT & BOARD OF TRUSTEES OF SANTA CLARA,https://www.whitehouse.gov
SCHEELS ALL SPORTS INC,https://www.scheels.com
STATE OF WASHINGTON,https://access.wa.gov
WISCONSIN ELECTRIC POWER CO,https://www.we-energies.com
SEIKO EPSON CORPORATION,https://global.epson.com
CSU - OFFICE OF THE CHANCELLOR,https://www2.calstate.edu
REGIONS,https://www.regions.com
"RAKUTEN,INC.",https://global.rakuten.com
MIAMI-DADE COUNTY PUBLIC SCHOOLS,http://www.dadeschools.net
WELLMARK INC,https://www.wellmark.com
UNIVERSITY OF WASHINGTON,https://www.washington.edu
AMERICAN JEWISH WORLD SERVICE,https://ajws.org
CITY OF DENVER CITY,http://denvercityedc.org
GEMOLOGICAL INSTITUTE OF    AMERICA,https://www.gia.edu
FRANCIS PARKER SCHOOL,https://www.francisparker.org
CASA GRANDE SCHOOL DISTRICT NO 4,https://www.cgesd.org
SALISH KOOTENAI COMMUNITY COLLEGE,https://www.skc.edu
CSU - SAN DIEGO,https://www.sdsu.edu
DATA PIPE,https://www.rackspace.com
NWN CORPORATION,https://www.nwnit.com
PHILADELPHIA FEDERAL CREDIT UNION,https://pfcu.com
LICT CORPORATION,http://lictcorp.com
FROST-ARNETT COMPANY,https://www.frost-arnett.com
OCH-ZIFF CAPITAL MANAGEMENT GROUP LLC,https://www.ozm.com
TOWNSEND ANALYTICS LTD,
"NPS PHARMACEUTICALS, INC.",https://scrip.pharmaintelligence.informa.com
ROAD SPRINKLER FITTERS LOCAL UNION 669,http://www.sprinklerfitters669.org
DIRECT AUTOMATION LLC,http://direct-automation.com
SCOTTISH HOLDINGS INC,
"INTERNATIONAL GROUP INC, THE",https://igiwax.com
CIV - ENERGY - NRC,https://www.nrc.gov
DOD - ARMY - PENTAGON 02,https://dpcld.defense.gov
NSJ - JUSTICE - FBI 02,https://oig.justice.gov
CIV - DOE - OAKRIDGE NATIONAL LAB 02,https://www.ornl.gov
ATLAS ROOFING CORP,https://www.atlasroofing.com
ADVISORY BOARD COUNCIL,http://www.advisory.com
NATIONAL GRID USA INC,https://www.nationalgridus.com
CENTRAL MISSOURI,https://www.ucmo.edu
SONY,https://www.sony.com
SAS INSTITUTE INC,https://www.sas.com
HYLAND SOFTWARE,https://www.hyland.com
CITY OF HOMESTEAD,https://www.cityofhomestead.com
THE US PLAYING CARD CO,https://www.usplayingcard.com
LOANDEPOT.COM,https://www.loandepot.com
GEORGE P JOHNSON CO,https://www.gpj.com
WEST SUBURBAN BANK,https://www.westsuburbanbank.com
"BANKERS BANCORP OF OKLAHOMA, INC.",http://www.ibanknet.com
NEAL RK ENGINEERING,
"FIREBIRDS INTERNATIONAL, LLC",https://firebirdsinternational.com
LOTO QUEBEC,https://portail.lotoquebec.com
EMERSON ELECTRIC,https://www.emerson.com
TRAVEL CENTERS OF AMERICA,https://www.ta-petro.com
PINK OTC MARKETS INC.,https://www.otcmarkets.com
AIR CANADA,https://www.aircanada.com
Quickplay Media Inc,https://www.quickplay.com
AUTOMATED FINANCIAL SYSTEMS INC,https://www.afsvision.com
RUAN TRANSPORT CORP,https://www.ruan.com
WESTERN DIGITAL CORP,https://www.westerndigital.com
FOOT LOCKER,https://www.footlocker.com
OPENTABLE,https://www.opentable.com
"VARIETY WHOLESALERS, INC.",https://www.rosesdiscountstores.com
"ANESTHESIA BUSINESS CONSULTANTS, INC.",https://www.anesthesiallc.com
"ANDROSCOGGIN VALLEY HOSPITAL, INC.",http://www.avhnh.org
MIKE ELMER,
"DEPT OF RACING, GAMING & LIQUOR",https://www.rgl.wa.gov.au
CIV - THRIFT INVESTMENT BOARD (FRTIB),https://www.frtib.gov
CIV - HHS - CDC - CENTERS FOR DESEASE CONTROL 02,https://www.cdc.gov
CARLYLE GROUP,https://www.carlyle.com
ASSOCIATED WHOLESALE GROCERS INC,http://www.awginc.com
HUNTINGTON BANCSHARES INC,https://www.huntington.com
CONTINENTAL GRAIN CO,https://www.continentalgrain.com
DUNCAN AVIATION INC,https://www.duncanaviation.aero
PERDUE FARMS INC,https://www.perduefarms.com
YUM BRANDS,https://www.yum.com
"GWINNETT COUNTY SCHOOLS, GA",https://publish.gwinnett.k12.ga.us
MMM HEALTHCARE INC,https://www.mmm-pr.com
"UC - RIVERSIDE, CA",https://www.ucr.edu
CAPTAIN D S,https://www.captainds.com
NYS INSURANCE FUND,https://www.nysif.com
UNITED TECH CORP,https://www.utc.com
ABB LIMITED,https://new.abb.com
WESTERN WATS CENTER INC.,
WEBB CITY HIGH SCHOOL,https://www.wcr7.org
"UCLA MEDICAL CENTER, CA",https://www.uclahealth.org
MANHATTAN INSURANCE GROUP,https://www.manhattanlife.com
ORNL FEDERAL CREDIT UNIO,https://www.ornlfcu.com
"C. J. FOODS, INC.",https://cjfoodsinc.com
"HOSTING.COM, INC.",https://www.hosting.com
UNITED STATES OLYMPIC COMMITTEE INC,https://www.teamusa.org
BAY STATE SAVINGS BANK,https://www.baystatesavingsbank.com
"TRIUMPH BANCORP, INC.",https://www.triumphbancorp.com
BINTECH INC,https://bintechpartners.com
COMMONWEALTH CONSTRUCTIO,https://www.commonwealthco.net
GEORGE HERTZBERG & ASSOCIATES,https://gha-associates.com
PROVENA HEALTH INFORMATION SYSTEMS,https://jobs.presencehealth.org
WASHINGTON UNIVERSITY,https://wustl.edu
"NEWAYGO COUNTY, MI",https://www.countyofnewaygo.com
FAIRWINDS CREDIT UNION,https://www.fairwinds.org
DISTRICT GOVERNMENT EMPLOYEES FEDERAL CREDIT UNION,https://www.dccreditunion.coop
MACYS INC.,https://www.macysinc.com
CITY OF AURORA,https://www.auroragov.org
TITAN MACHINERY INC,https://www.titanmachinery.com
PITNEY BOWES,https://www.pitneybowes.com
PAR-PAK,http://www.olympuspartners.com/
OXFORD INDUSTRIES INC,https://www.oxfordinc.com
ANTIGUA AND BARBUDA TRANSPORT,http://www.antigua-barbuda.org
WATERLOO REGIONAL POLICE,https://www.wrps.on.ca
ST JOHNS RIVER COMMUNITY,http://sjrstate.edu
